Date,Region Code,Timestamp,Title,Влажность почвы 10 см (-10),Влажность почвы 20 см (-20),Влажность почвы 30 см (-30),Дата,Температура почвы 10 см (-10),Температура почвы 20 см (-20),Температура почвы 30 см (-30)
2025-05-11,,20250511_162352,MeteoBot-36 / MeteoUz,78.8 %,0 %,0 %,2025-05-11 16:20,12.4 °C,°C,°C
2025-05-11,1714,20250511_162352,ЯНГИКЎРҒОН,32.5 %,,,2025-05-11 16:20,38.0 °C,,
2025-05-11,1735,20250511_162352,Ходжейли,100 %,,,2025-05-11 16:20,25.0 °C,,
2025-05-11,,20250511_162352,Раушан,99.6 %,,,2025-05-11 16:20,23.0 °C,,
2025-05-11,1735,20250511_162352,Канлыкуль,100 %,,,2025-05-11 16:20,24.0 °C,,
2025-05-11,1735,20250511_162352,Шoманай,99.2 %,,,2025-05-11 16:20,24.5 °C,,
2025-05-11,,20250511_162352,Сары-алтын,94.1 %,,,2025-05-11 16:20,24.5 °C,,
2025-05-11,,20250511_162352,MeteoBot-36 / MeteoUz,85.9 %,79.2 %,80.4 %,2025-05-11 16:20,27.1 °C,24.1 °C,23.4 °C
2025-05-11,,20250511_162352,MeteoBot-36 / MeteoUz,earthHumidity1 %,earthHumidity2 %,earthHumidity3 %,date time,earthTemperature1 °C,earthTemperature2 °C,earthTemperature3 °C
2025-05-11,,20250511_162352,MeteoBot-36 / MeteoUz,18.0 %,31.0 %,0 %,2025-05-11 16:20,°C,22.9 °C,21.8 °C
2025-05-11,,20250511_162352,Уллыбаг,100 %,,,2025-05-11 16:20,26.5 °C,,
2025-05-11,,20250511_162352,Шурахан,92.9 %,,,2025-05-11 16:20,27.0 °C,,
2025-05-11,1735,20250511_162352,Мангит,100 %,,,2025-05-11 10:11,24.5 °C,,
2025-05-11,1730,20250511_162352,Фаргона шахри,earthHumidity1 %,,,date time,earthTemperature1 °C,,
2025-05-11,1730,20250511_162352,Бешарык,earthHumidity1 %,,,date time,earthTemperature1 °C,,
2025-05-11,1730,20250511_162352,Дангара,24.7 %,,,2025-05-11 16:20,21.0 °C,,
2025-05-11,1733,20250511_162352,Хоразм Кошкупыр,100 %,,,2025-05-11 16:20,26.0 °C,,
2025-05-11,,20250511_162352,Лебап,21.5 %,,,2025-05-11 16:22,°C,,
2025-05-11,1733,20250511_162352,"Хива, Дашяк",85.9 %,,,2025-05-11 16:20,26.5 °C,,
2025-05-11,1727,20250511_162352,Тошкент обсерватория,earthHumidity1 %,,,date time,earthTemperature1 °C,,
2025-05-11,1733,20250511_162352,Ургенч шахар,98.0 %,,,2025-05-11 16:20,29.5 °C,,
2025-05-11,1733,20250511_162352,Хоразм Гурлен,94.1 %,,,2025-05-11 16:20,29.0 °C,,
2025-05-11,1718,20250511_162352,Самарканд шахри,58.4 %,,,2025-05-11 16:20,23.0 °C,,
2025-05-11,1718,20250511_162352,Самарканд Фарход Зарафшон,36.1 %,,,2025-05-11 16:20,28.5 °C,,
2025-05-11,1718,20250511_162352,Самарканд Бyлyнгyp,89.0 %,,,2025-05-11 16:20,24.5 °C,,
2025-05-11,1718,20250511_162352,Самарканд Ургут,74.9 %,,,2025-05-11 16:20,27.5 °C,,
2025-05-11,1708,20250511_162352,Жиззах Мирзачўл тумани,90.2 %,,,2025-05-11 16:20,23.0 °C,,
2025-05-11,1718,20250511_162352,Самарканд Янгиарик,earthHumidity1 %,,,date time,earthTemperature1 °C,,
2025-05-11,1708,20250511_162352,Жиззах Баҳмал Муғол,100 %,,,2025-05-11 16:20,0 °C,,
2025-05-11,1708,20250511_162352,Жиззах Янгиобод Хўжамушкент,earthHumidity1 %,,,date time,earthTemperature1 °C,,
2025-05-11,1708,20250511_162352,Жиззах Бахмал,77.3 %,,,2025-05-11 16:20,14.5 °C,,
2025-05-11,1708,20250511_162352,Жиззах Пахтакор,65.5 %,,,2025-05-11 16:20,23.5 °C,,
2025-05-11,1714,20250511_162352,ЯНГИКЎРҒОН,32.5 %,,,2025-05-11 16:20,38.0 °C,,
2025-05-11,1724,20250511_162352,Сирдарё Сардоба,earthHumidity1 %,,,date time,earthTemperature1 °C,,
2025-05-11,1724,20250511_162352,Сирдарё Околтин,100 %,,,2025-05-11 16:20,22.5 °C,,
2025-05-11,1724,20250511_162352,Сирдарё Боёвут,61.6 %,,,2025-05-11 16:20,21.0 °C,,
2025-05-11,1724,20250511_162352,Сирдарё Гулистон ш.,earthHumidity1 %,,,date time,earthTemperature1 °C,,
2025-05-11,1724,20250511_162352,Сирдарё Сайхунобод,83.1 %,,,2025-05-11 16:20,20.5 °C,,
2025-05-11,1703,20250511_162352,Андижон Боз,97.3 %,,,2025-05-11 16:20,21.5 °C,,
2025-05-11,1703,20250511_162352,Андижон Хонабод,earthHumidity1 %,,,date time,earthTemperature1 °C,,
2025-05-11,,20250511_162352,Андижан УГМ,94.1 %,,,2025-05-11 16:20,27.0 °C,,
2025-05-11,1703,20250511_162352,Андижон Коргонтепа,77.6 %,,,2025-05-11 16:20,23.5 °C,,
2025-05-11,1703,20250511_162352,Андижон Улугнор,100 %,,,2025-05-11 16:20,22.0 °C,,
2025-05-11,1722,20250511_162352,"Surxondaryo, Boysun",48.6 %,,,2025-05-11 16:20,28.0 °C,,
2025-05-11,1722,20250511_162352,"Surxondaryo, Jarqo'rg'on, G'ur-G'ur",85.5 %,,,2025-05-11 16:20,26.5 °C,,
2025-05-11,1722,20250511_162352,"Surxondaryo, Termiz tumani, Navruz",93.3 %,,,2025-05-11 16:20,30.5 °C,,
2025-05-11,1722,20250511_162352,"Surxondaryo, Qumqo'rg'on tumani, To'g'on",85.5 %,,,2025-05-11 16:20,26.5 °C,,
2025-05-11,1710,20250511_162352,"Qashqadaryo, Koson tumani, Pulat shaharcha",0 %,,,2025-05-11 16:20,°C,,
2025-05-11,1710,20250511_162352,"Qashqadaryo, Qarshi shahar, Chiroqchi",84.7 %,,,2025-05-11 16:20,23.0 °C,,
2025-05-11,1710,20250511_162352,"Qashqadaryo, Qamashi",94.1 %,,,2025-05-11 16:20,28.0 °C,,
2025-05-11,1722,20250511_162352,"Surxondaryo, Oltinsoy",earthHumidity1 %,,,date time,earthTemperature1 °C,,
2025-05-11,1710,20250511_162352,"Qashqadaryo, Mirishkor tumani, Naiston",earthHumidity1 %,,,date time,earthTemperature1 °C,,
2025-05-11,1710,20250511_162352,"Qashqadaryo, Nishon tumani",85.5 %,,,2025-05-11 16:10,25.5 °C,,
2025-05-11,1727,20250511_162352,"Зангиота, Бузсув",22.0 %,,,2025-05-11 16:20,°C,,
2025-05-11,1727,20250511_162352,"Тошкент вилояти, Куйи чирчик",44.7 %,,,2025-05-11 16:20,27.5 °C,,
2025-05-11,1727,20250511_162352,"Тошкент вилояти, Ўрта чирчиқ",58.8 %,,,2025-05-11 16:20,25.0 °C,,
2025-05-11,1727,20250511_162352,Yuqori Chirchiq tumani,33.7 %,,,2025-05-11 16:20,24.0 °C,,
2025-05-11,1727,20250511_162352,Qibray tumani,96.5 %,,,2025-05-11 16:20,22.0 °C,,
2025-05-11,1727,20250511_162352,Bo'stonliq tumani,16.9 %,,,2025-05-11 16:20,18.5 °C,,
2025-05-11,1706,20250511_162352,Бухара,0 %,,,2025-05-11 16:20,29.0 °C,,
2025-05-11,1706,20250511_162352,"Buxoro viloyati, G'alla osiyo",66.3 %,,,2025-05-11 16:20,21.5 °C,,
2025-05-11,1706,20250511_162352,"Buxoro shahar, Jondor tuman, Yakkatut AMP",41.2 %,,,2025-05-11 16:20,26.5 °C,,
2025-05-11,1708,20250511_162352,"Жиззах вилояти, Зомин, Суффа Платоси",0 %,,,2025-05-11 16:20,81.6 °C,,
2025-05-11,1727,20250511_162352,"Toshkent shahar, Olmazor tumani",0 %,,,2025-05-11 16:20,0 °C,,
2025-05-11,1727,20250511_162352,"Toshkent,Yangi O'zbekiston bog'i",0 %,,,2025-05-11 16:20,41.6 °C,,
2025-05-11,,20250511_162352,MeteoBot-36 / MeteoUz,78.8 %,0 %,0 %,2025-05-11 16:20,12.4 °C,°C,°C
2025-05-11,,20250511_162352,MeteoBot-36 / MeteoUz,35.3 %,32.5 %,38.0 %,2025-05-11 16:20,21.9 °C,20.3 °C,19.5 °C
2025-05-11,,20250511_162352,MeteoBot-36 / MeteoUz,85.9 %,79.2 %,80.4 %,2025-05-11 16:20,27.1 °C,24.1 °C,23.4 °C
2025-05-11,,20250511_162352,MeteoBot-36 / MeteoUz,earthHumidity1 %,earthHumidity2 %,earthHumidity3 %,date time,earthTemperature1 °C,earthTemperature2 °C,earthTemperature3 °C
2025-05-11,,20250511_162352,MeteoBot-36 / MeteoUz,18.0 %,31.0 %,0 %,2025-05-11 16:20,°C,22.9 °C,21.8 °C
2025-05-11,1710,20250511_162352,М-II Дехканабад,,,,,,,
2025-05-11,1710,20250511_162352,М-II Муборек,,,,,,,
2025-05-11,,20250511_162352,О Чимкурган,,,,,,,
2025-05-11,1710,20250511_162352,Г-1 Шахрисябз,,,,,,,
2025-05-11,1710,20250511_162352,М-II Гузар,,,,,,,
2025-05-11,,20250511_162352,106_Taxtakaracha,,,,,,,
2025-05-11,1708,20250511_162352,М-II Бахмал,,,,,,,
2025-05-11,1708,20250511_162352,АГМС Галляарал,,,,,,,
2025-05-11,1708,20250511_162352,М-II Дустлик,,,,,,,
2025-05-11,,20250511_162352,Ляльмикор,,,,,,,
2025-05-11,1708,20250511_162352,111_Zomin,,,,,,,
2025-05-11,,20250511_162352,М-II Янгикишлак,,,,,,,
2025-05-11,,20250511_174313,MeteoBot-36 / MeteoUz,78.8 %,0 %,0 %,2025-05-11 17:40,12.7 °C,°C,°C
2025-05-11,1714,20250511_174313,ЯНГИКЎРҒОН,32.5 %,,,2025-05-11 17:40,37.6 °C,,
2025-05-11,1735,20250511_174313,Ходжейли,100 %,,,2025-05-11 17:40,25.5 °C,,
2025-05-11,,20250511_174313,Раушан,99.6 %,,,2025-05-11 17:40,23.0 °C,,
2025-05-11,1735,20250511_174313,Канлыкуль,100 %,,,2025-05-11 17:40,24.0 °C,,
2025-05-11,1735,20250511_174313,Шoманай,99.6 %,,,2025-05-11 17:40,24.5 °C,,
2025-05-11,,20250511_174313,Сары-алтын,94.1 %,,,2025-05-11 17:40,25.0 °C,,
2025-05-11,,20250511_174313,MeteoBot-36 / MeteoUz,83.9 %,78.8 %,77.6 %,2025-05-11 17:40,27.6 °C,24.3 °C,23.7 °C
2025-05-11,,20250511_174313,MeteoBot-36 / MeteoUz,earthHumidity1 %,earthHumidity2 %,earthHumidity3 %,date time,earthTemperature1 °C,earthTemperature2 °C,earthTemperature3 °C
2025-05-11,,20250511_174313,MeteoBot-36 / MeteoUz,17.3 %,29.8 %,0 %,2025-05-11 17:40,°C,23.3 °C,22.0 °C
2025-05-11,,20250511_174313,Уллыбаг,100 %,,,2025-05-11 17:40,27.0 °C,,
2025-05-11,,20250511_174313,Шурахан,93.3 %,,,2025-05-11 17:40,27.5 °C,,
2025-05-11,1735,20250511_174313,Мангит,100 %,,,2025-05-11 10:11,24.5 °C,,
2025-05-11,1730,20250511_174313,Фаргона шахри,earthHumidity1 %,,,date time,earthTemperature1 °C,,
2025-05-11,1730,20250511_174313,Бешарык,earthHumidity1 %,,,date time,earthTemperature1 °C,,
2025-05-11,1730,20250511_174313,Дангара,24.7 %,,,2025-05-11 17:40,21.0 °C,,
2025-05-11,1733,20250511_174313,Хоразм Кошкупыр,100 %,,,2025-05-11 17:40,26.5 °C,,
2025-05-11,,20250511_174313,Лебап,21.5 %,,,2025-05-11 17:41,°C,,
2025-05-11,1733,20250511_174313,"Хива, Дашяк",86.3 %,,,2025-05-11 17:40,27.0 °C,,
2025-05-11,1727,20250511_174313,Тошкент обсерватория,earthHumidity1 %,,,date time,earthTemperature1 °C,,
2025-05-11,1733,20250511_174313,Ургенч шахар,98.0 %,,,2025-05-11 17:41,30.0 °C,,
2025-05-11,1733,20250511_174313,Хоразм Гурлен,94.1 %,,,2025-05-11 17:40,29.5 °C,,
2025-05-11,1718,20250511_174313,Самарканд шахри,58.8 %,,,2025-05-11 17:40,23.5 °C,,
2025-05-11,1718,20250511_174313,Самарканд Фарход Зарафшон,37.3 %,,,2025-05-11 17:40,29.5 °C,,
2025-05-11,1718,20250511_174313,Самарканд Бyлyнгyp,89.4 %,,,2025-05-11 17:40,25.0 °C,,
2025-05-11,1718,20250511_174313,Самарканд Ургут,75.3 %,,,2025-05-11 17:40,28.0 °C,,
2025-05-11,1708,20250511_174313,Жиззах Мирзачўл тумани,90.2 %,,,2025-05-11 17:40,23.5 °C,,
2025-05-11,1718,20250511_174313,Самарканд Янгиарик,earthHumidity1 %,,,date time,earthTemperature1 °C,,
2025-05-11,1708,20250511_174313,Жиззах Баҳмал Муғол,100 %,,,2025-05-11 17:40,0 °C,,
2025-05-11,1708,20250511_174313,Жиззах Янгиобод Хўжамушкент,earthHumidity1 %,,,date time,earthTemperature1 °C,,
2025-05-11,1708,20250511_174313,Жиззах Бахмал,77.6 %,,,2025-05-11 17:40,14.5 °C,,
2025-05-11,1708,20250511_174313,Жиззах Пахтакор,65.5 %,,,2025-05-11 17:40,23.5 °C,,
2025-05-11,1714,20250511_174313,ЯНГИКЎРҒОН,32.5 %,,,2025-05-11 17:40,37.6 °C,,
2025-05-11,1724,20250511_174313,Сирдарё Сардоба,earthHumidity1 %,,,date time,earthTemperature1 °C,,
2025-05-11,1724,20250511_174313,Сирдарё Околтин,100 %,,,2025-05-11 17:40,22.5 °C,,
2025-05-11,1724,20250511_174313,Сирдарё Боёвут,61.6 %,,,2025-05-11 17:40,21.5 °C,,
2025-05-11,1724,20250511_174313,Сирдарё Гулистон ш.,earthHumidity1 %,,,date time,earthTemperature1 °C,,
2025-05-11,1724,20250511_174313,Сирдарё Сайхунобод,83.1 %,,,2025-05-11 17:40,20.5 °C,,
2025-05-11,1703,20250511_174313,Андижон Боз,97.3 %,,,2025-05-11 17:40,22.0 °C,,
2025-05-11,1703,20250511_174313,Андижон Хонабод,earthHumidity1 %,,,date time,earthTemperature1 °C,,
2025-05-11,,20250511_174313,Андижан УГМ,94.1 %,,,2025-05-11 17:40,27.5 °C,,
2025-05-11,1703,20250511_174313,Андижон Коргонтепа,78.0 %,,,2025-05-11 17:40,23.5 °C,,
2025-05-11,1703,20250511_174313,Андижон Улугнор,100 %,,,2025-05-11 17:40,22.0 °C,,
2025-05-11,1722,20250511_174313,"Surxondaryo, Boysun",49.0 %,,,2025-05-11 17:40,28.5 °C,,
2025-05-11,1722,20250511_174313,"Surxondaryo, Jarqo'rg'on, G'ur-G'ur",85.9 %,,,2025-05-11 17:40,27.0 °C,,
2025-05-11,1722,20250511_174313,"Surxondaryo, Termiz tumani, Navruz",93.3 %,,,2025-05-11 17:40,31.0 °C,,
2025-05-11,1722,20250511_174313,"Surxondaryo, Qumqo'rg'on tumani, To'g'on",85.5 %,,,2025-05-11 17:40,26.5 °C,,
2025-05-11,1710,20250511_174313,"Qashqadaryo, Koson tumani, Pulat shaharcha",0 %,,,2025-05-11 17:40,°C,,
2025-05-11,1710,20250511_174313,"Qashqadaryo, Qarshi shahar, Chiroqchi",85.1 %,,,2025-05-11 17:40,23.0 °C,,
2025-05-11,1710,20250511_174313,"Qashqadaryo, Qamashi",94.1 %,,,2025-05-11 17:40,28.5 °C,,
2025-05-11,1722,20250511_174313,"Surxondaryo, Oltinsoy",earthHumidity1 %,,,date time,earthTemperature1 °C,,
2025-05-11,1710,20250511_174313,"Qashqadaryo, Mirishkor tumani, Naiston",earthHumidity1 %,,,date time,earthTemperature1 °C,,
2025-05-11,1710,20250511_174313,"Qashqadaryo, Nishon tumani",85.5 %,,,2025-05-11 17:40,26.0 °C,,
2025-05-11,1727,20250511_174313,"Зангиота, Бузсув",22.0 %,,,2025-05-11 17:40,°C,,
2025-05-11,1727,20250511_174313,"Тошкент вилояти, Куйи чирчик",44.7 %,,,2025-05-11 17:40,28.0 °C,,
2025-05-11,1727,20250511_174313,"Тошкент вилояти, Ўрта чирчиқ",58.4 %,,,2025-05-11 17:40,25.5 °C,,
2025-05-11,1727,20250511_174313,Yuqori Chirchiq tumani,33.3 %,,,2025-05-11 17:40,24.5 °C,,
2025-05-11,1727,20250511_174313,Qibray tumani,96.1 %,,,2025-05-11 17:40,22.5 °C,,
2025-05-11,1727,20250511_174313,Bo'stonliq tumani,16.5 %,,,2025-05-11 17:40,19.0 °C,,
2025-05-11,1706,20250511_174313,Бухара,0 %,,,2025-05-11 17:40,29.0 °C,,
2025-05-11,1706,20250511_174313,"Buxoro viloyati, G'alla osiyo",66.7 %,,,2025-05-11 17:40,22.0 °C,,
2025-05-11,1706,20250511_174313,"Buxoro shahar, Jondor tuman, Yakkatut AMP",40.8 %,,,2025-05-11 17:40,27.0 °C,,
2025-05-11,1708,20250511_174313,"Жиззах вилояти, Зомин, Суффа Платоси",0 %,,,2025-05-11 17:40,81.2 °C,,
2025-05-11,1727,20250511_174313,"Toshkent shahar, Olmazor tumani",0 %,,,2025-05-11 17:40,0 °C,,
2025-05-11,1727,20250511_174313,"Toshkent,Yangi O'zbekiston bog'i",0 %,,,2025-05-11 17:40,41.2 °C,,
2025-05-11,,20250511_174313,MeteoBot-36 / MeteoUz,78.8 %,0 %,0 %,2025-05-11 17:40,12.7 °C,°C,°C
2025-05-11,,20250511_174313,MeteoBot-36 / MeteoUz,34.9 %,32.5 %,37.6 %,2025-05-11 17:40,22.3 °C,20.7 °C,19.8 °C
2025-05-11,,20250511_174313,MeteoBot-36 / MeteoUz,83.9 %,78.8 %,77.6 %,2025-05-11 17:40,27.6 °C,24.3 °C,23.7 °C
2025-05-11,,20250511_174313,MeteoBot-36 / MeteoUz,earthHumidity1 %,earthHumidity2 %,earthHumidity3 %,date time,earthTemperature1 °C,earthTemperature2 °C,earthTemperature3 °C
2025-05-11,,20250511_174313,MeteoBot-36 / MeteoUz,17.3 %,29.8 %,0 %,2025-05-11 17:40,°C,23.3 °C,22.0 °C
2025-05-11,1710,20250511_174313,М-II Дехканабад,,,,,,,
2025-05-11,1710,20250511_174313,М-II Муборек,,,,,,,
2025-05-11,,20250511_174313,О Чимкурган,,,,,,,
2025-05-11,1710,20250511_174313,Г-1 Шахрисябз,,,,,,,
2025-05-11,1710,20250511_174313,М-II Гузар,,,,,,,
2025-05-11,,20250511_174313,106_Taxtakaracha,,,,,,,
2025-05-11,1708,20250511_174313,М-II Бахмал,,,,,,,
2025-05-11,1708,20250511_174313,АГМС Галляарал,,,,,,,
2025-05-11,1708,20250511_174313,М-II Дустлик,,,,,,,
2025-05-11,,20250511_174313,Ляльмикор,,,,,,,
2025-05-11,1708,20250511_174313,111_Zomin,,,,,,,
2025-05-11,,20250511_174313,М-II Янгикишлак,,,,,,,
2025-05-12,,20250512_001349,MeteoBot-36 / MeteoUz,76.5 %,0 %,0 %,2025-05-12 00:10,10.8 °C,°C,°C
2025-05-12,1714,20250512_001349,ЯНГИКЎРҒОН,31.4 %,,,2025-05-12 00:10,36.5 °C,,
2025-05-12,1735,20250512_001349,Ходжейли,100 %,,,2025-05-12 00:10,26.0 °C,,
2025-05-12,,20250512_001349,Раушан,99.6 %,,,2025-05-12 00:10,24.0 °C,,
2025-05-12,1735,20250512_001349,Канлыкуль,100 %,,,2025-05-12 00:10,25.5 °C,,
2025-05-12,1735,20250512_001349,Шoманай,earthHumidity1 %,,,date time,earthTemperature1 °C,,
2025-05-12,,20250512_001349,Сары-алтын,94.5 %,,,2025-05-12 00:10,26.0 °C,,
2025-05-12,,20250512_001349,MeteoBot-36 / MeteoUz,79.6 %,78.0 %,78.8 %,2025-05-12 00:10,25.1 °C,24.9 °C,24.3 °C
2025-05-12,,20250512_001349,MeteoBot-36 / MeteoUz,earthHumidity1 %,earthHumidity2 %,earthHumidity3 %,date time,earthTemperature1 °C,earthTemperature2 °C,earthTemperature3 °C
2025-05-12,,20250512_001349,MeteoBot-36 / MeteoUz,16.9 %,27.8 %,0 %,2025-05-12 00:10,°C,23.2 °C,22.9 °C
2025-05-12,,20250512_001349,Уллыбаг,100 %,,,2025-05-12 00:10,28.5 °C,,
2025-05-12,,20250512_001349,Шурахан,93.3 %,,,2025-05-12 00:11,28.5 °C,,
2025-05-12,1735,20250512_001349,Мангит,earthHumidity1 %,,,date time,earthTemperature1 °C,,
2025-05-12,1730,20250512_001349,Фаргона шахри,earthHumidity1 %,,,date time,earthTemperature1 °C,,
2025-05-12,1730,20250512_001349,Бешарык,earthHumidity1 %,,,date time,earthTemperature1 °C,,
2025-05-12,1730,20250512_001349,Дангара,24.3 %,,,2025-05-12 00:10,21.5 °C,,
2025-05-12,1733,20250512_001349,Хоразм Кошкупыр,100 %,,,2025-05-12 00:10,27.0 °C,,
2025-05-12,,20250512_001349,Лебап,22.0 %,,,2025-05-12 00:10,1.8 °C,,
2025-05-12,1733,20250512_001349,"Хива, Дашяк",86.7 %,,,2025-05-12 00:10,28.5 °C,,
2025-05-12,1727,20250512_001349,Тошкент обсерватория,earthHumidity1 %,,,date time,earthTemperature1 °C,,
2025-05-12,1733,20250512_001349,Ургенч шахар,98.4 %,,,2025-05-12 00:11,29.5 °C,,
2025-05-12,1733,20250512_001349,Хоразм Гурлен,94.1 %,,,2025-05-12 00:10,31.0 °C,,
2025-05-12,1718,20250512_001349,Самарканд шахри,58.0 %,,,2025-05-12 00:10,24.0 °C,,
2025-05-12,1718,20250512_001349,Самарканд Фарход Зарафшон,31.0 %,,,2025-05-12 00:10,27.5 °C,,
2025-05-12,1718,20250512_001349,Самарканд Бyлyнгyp,89.0 %,,,2025-05-12 00:10,25.0 °C,,
2025-05-12,1718,20250512_001349,Самарканд Ургут,74.1 %,,,2025-05-12 00:10,28.0 °C,,
2025-05-12,1708,20250512_001349,Жиззах Мирзачўл тумани,89.8 %,,,2025-05-12 00:10,23.5 °C,,
2025-05-12,1718,20250512_001349,Самарканд Янгиарик,earthHumidity1 %,,,date time,earthTemperature1 °C,,
2025-05-12,1708,20250512_001349,Жиззах Баҳмал Муғол,100 %,,,2025-05-12 00:10,0 °C,,
2025-05-12,1708,20250512_001349,Жиззах Янгиобод Хўжамушкент,earthHumidity1 %,,,date time,earthTemperature1 °C,,
2025-05-12,1708,20250512_001349,Жиззах Бахмал,77.3 %,,,2025-05-12 00:00,14.5 °C,,
2025-05-12,1708,20250512_001349,Жиззах Пахтакор,65.5 %,,,2025-05-12 00:10,24.0 °C,,
2025-05-12,1714,20250512_001349,ЯНГИКЎРҒОН,31.4 %,,,2025-05-12 00:10,36.5 °C,,
2025-05-12,1724,20250512_001349,Сирдарё Сардоба,earthHumidity1 %,,,date time,earthTemperature1 °C,,
2025-05-12,1724,20250512_001349,Сирдарё Околтин,100 %,,,2025-05-12 00:10,23.0 °C,,
2025-05-12,1724,20250512_001349,Сирдарё Боёвут,61.2 %,,,2025-05-12 00:10,21.5 °C,,
2025-05-12,1724,20250512_001349,Сирдарё Гулистон ш.,earthHumidity1 %,,,date time,earthTemperature1 °C,,
2025-05-12,1724,20250512_001349,Сирдарё Сайхунобод,83.1 %,,,2025-05-12 00:10,21.0 °C,,
2025-05-12,1703,20250512_001349,Андижон Боз,97.3 %,,,2025-05-12 00:10,22.0 °C,,
2025-05-12,1703,20250512_001349,Андижон Хонабод,earthHumidity1 %,,,date time,earthTemperature1 °C,,
2025-05-12,,20250512_001349,Андижан УГМ,94.1 %,,,2025-05-12 00:10,27.5 °C,,
2025-05-12,1703,20250512_001349,Андижон Коргонтепа,77.6 %,,,2025-05-12 00:10,24.5 °C,,
2025-05-12,1703,20250512_001349,Андижон Улугнор,100 %,,,2025-05-12 00:10,23.0 °C,,
2025-05-12,1722,20250512_001349,"Surxondaryo, Boysun",49.0 %,,,2025-05-12 00:10,29.5 °C,,
2025-05-12,1722,20250512_001349,"Surxondaryo, Jarqo'rg'on, G'ur-G'ur",85.9 %,,,2025-05-12 00:10,28.0 °C,,
2025-05-12,1722,20250512_001349,"Surxondaryo, Termiz tumani, Navruz",93.3 %,,,2025-05-12 00:10,32.0 °C,,
2025-05-12,1722,20250512_001349,"Surxondaryo, Qumqo'rg'on tumani, To'g'on",85.5 %,,,2025-05-12 00:10,27.0 °C,,
2025-05-12,1710,20250512_001349,"Qashqadaryo, Koson tumani, Pulat shaharcha",0 %,,,2025-05-12 00:10,°C,,
2025-05-12,1710,20250512_001349,"Qashqadaryo, Qarshi shahar, Chiroqchi",84.7 %,,,2025-05-12 00:10,24.0 °C,,
2025-05-12,1710,20250512_001349,"Qashqadaryo, Qamashi",94.1 %,,,2025-05-12 00:10,29.0 °C,,
2025-05-12,1722,20250512_001349,"Surxondaryo, Oltinsoy",earthHumidity1 %,,,date time,earthTemperature1 °C,,
2025-05-12,1710,20250512_001349,"Qashqadaryo, Mirishkor tumani, Naiston",earthHumidity1 %,,,date time,earthTemperature1 °C,,
2025-05-12,1710,20250512_001349,"Qashqadaryo, Nishon tumani",85.9 %,,,2025-05-12 00:10,26.5 °C,,
2025-05-12,1727,20250512_001349,"Зангиота, Бузсув",22.0 %,,,2025-05-12 00:10,°C,,
2025-05-12,1727,20250512_001349,"Тошкент вилояти, Куйи чирчик",43.9 %,,,2025-05-12 00:10,28.5 °C,,
2025-05-12,1727,20250512_001349,"Тошкент вилояти, Ўрта чирчиқ",57.6 %,,,2025-05-12 00:10,26.5 °C,,
2025-05-12,1727,20250512_001349,Yuqori Chirchiq tumani,31.8 %,,,2025-05-12 00:10,24.5 °C,,
2025-05-12,1727,20250512_001349,Qibray tumani,96.1 %,,,2025-05-12 00:10,23.0 °C,,
2025-05-12,1727,20250512_001349,Bo'stonliq tumani,16.1 %,,,2025-05-12 00:10,19.5 °C,,
2025-05-12,1706,20250512_001349,Бухара,0 %,,,2025-05-12 00:10,27.0 °C,,
2025-05-12,1706,20250512_001349,"Buxoro viloyati, G'alla osiyo",66.7 %,,,2025-05-12 00:10,22.5 °C,,
2025-05-12,1706,20250512_001349,"Buxoro shahar, Jondor tuman, Yakkatut AMP",39.2 %,,,2025-05-12 00:10,28.0 °C,,
2025-05-12,1708,20250512_001349,"Жиззах вилояти, Зомин, Суффа Платоси",0 %,,,2025-05-12 00:10,80.4 °C,,
2025-05-12,1727,20250512_001349,"Toshkent shahar, Olmazor tumani",0 %,,,2025-05-12 00:10,0 °C,,
2025-05-12,1727,20250512_001349,"Toshkent,Yangi O'zbekiston bog'i",0 %,,,2025-05-12 00:10,40.4 °C,,
2025-05-12,,20250512_001349,MeteoBot-36 / MeteoUz,76.5 %,0 %,0 %,2025-05-12 00:10,10.8 °C,°C,°C
2025-05-12,,20250512_001349,MeteoBot-36 / MeteoUz,33.7 %,31.4 %,36.5 %,2025-05-12 00:10,21.9 °C,21.1 °C,20.3 °C
2025-05-12,,20250512_001349,MeteoBot-36 / MeteoUz,79.6 %,78.0 %,78.8 %,2025-05-12 00:10,25.1 °C,24.9 °C,24.3 °C
2025-05-12,,20250512_001349,MeteoBot-36 / MeteoUz,earthHumidity1 %,earthHumidity2 %,earthHumidity3 %,date time,earthTemperature1 °C,earthTemperature2 °C,earthTemperature3 °C
2025-05-12,,20250512_001349,MeteoBot-36 / MeteoUz,16.9 %,27.8 %,0 %,2025-05-12 00:10,°C,23.2 °C,22.9 °C
2025-05-12,1710,20250512_001349,М-II Дехканабад,,,,,,,
2025-05-12,1710,20250512_001349,М-II Муборек,,,,,,,
2025-05-12,,20250512_001349,О Чимкурган,,,,,,,
2025-05-12,1710,20250512_001349,Г-1 Шахрисябз,,,,,,,
2025-05-12,1710,20250512_001349,М-II Гузар,,,,,,,
2025-05-12,,20250512_001349,106_Taxtakaracha,,,,,,,
2025-05-12,1708,20250512_001349,М-II Бахмал,,,,,,,
2025-05-12,1708,20250512_001349,АГМС Галляарал,,,,,,,
2025-05-12,1708,20250512_001349,М-II Дустлик,,,,,,,
2025-05-12,,20250512_001349,Ляльмикор,,,,,,,
2025-05-12,1708,20250512_001349,111_Zomin,,,,,,,
2025-05-12,,20250512_001349,М-II Янгикишлак,,,,,,,
2025-05-12,,20250512_001722,MeteoBot-36 / MeteoUz,76.5 %,0 %,0 %,2025-05-12 00:10,10.8 °C,°C,°C
2025-05-12,1714,20250512_001722,ЯНГИКЎРҒОН,31.4 %,,,2025-05-12 00:10,36.5 °C,,
2025-05-12,1735,20250512_001722,Ходжейли,100 %,,,2025-05-12 00:10,26.0 °C,,
2025-05-12,,20250512_001722,Раушан,99.6 %,,,2025-05-12 00:10,24.0 °C,,
2025-05-12,1735,20250512_001722,Канлыкуль,100 %,,,2025-05-12 00:10,25.5 °C,,
2025-05-12,1735,20250512_001722,Шoманай,earthHumidity1 %,,,date time,earthTemperature1 °C,,
2025-05-12,,20250512_001722,Сары-алтын,94.5 %,,,2025-05-12 00:10,26.0 °C,,
2025-05-12,,20250512_001722,MeteoBot-36 / MeteoUz,79.6 %,78.0 %,78.8 %,2025-05-12 00:10,25.1 °C,24.9 °C,24.3 °C
2025-05-12,,20250512_001722,MeteoBot-36 / MeteoUz,earthHumidity1 %,earthHumidity2 %,earthHumidity3 %,date time,earthTemperature1 °C,earthTemperature2 °C,earthTemperature3 °C
2025-05-12,,20250512_001722,MeteoBot-36 / MeteoUz,16.9 %,27.8 %,0 %,2025-05-12 00:10,°C,23.2 °C,22.9 °C
2025-05-12,,20250512_001722,Уллыбаг,100 %,,,2025-05-12 00:10,28.5 °C,,
2025-05-12,,20250512_001722,Шурахан,93.3 %,,,2025-05-12 00:11,28.5 °C,,
2025-05-12,1735,20250512_001722,Мангит,earthHumidity1 %,,,date time,earthTemperature1 °C,,
2025-05-12,1730,20250512_001722,Фаргона шахри,earthHumidity1 %,,,date time,earthTemperature1 °C,,
2025-05-12,1730,20250512_001722,Бешарык,earthHumidity1 %,,,date time,earthTemperature1 °C,,
2025-05-12,1730,20250512_001722,Дангара,24.3 %,,,2025-05-12 00:10,21.5 °C,,
2025-05-12,1733,20250512_001722,Хоразм Кошкупыр,100 %,,,2025-05-12 00:10,27.0 °C,,
2025-05-12,,20250512_001722,Лебап,22.0 %,,,2025-05-12 00:10,1.8 °C,,
2025-05-12,1733,20250512_001722,"Хива, Дашяк",86.7 %,,,2025-05-12 00:10,28.5 °C,,
2025-05-12,1727,20250512_001722,Тошкент обсерватория,earthHumidity1 %,,,date time,earthTemperature1 °C,,
2025-05-12,1733,20250512_001722,Ургенч шахар,98.4 %,,,2025-05-12 00:11,29.5 °C,,
2025-05-12,1733,20250512_001722,Хоразм Гурлен,94.1 %,,,2025-05-12 00:10,31.0 °C,,
2025-05-12,1718,20250512_001722,Самарканд шахри,58.0 %,,,2025-05-12 00:10,24.0 °C,,
2025-05-12,1718,20250512_001722,Самарканд Фарход Зарафшон,31.0 %,,,2025-05-12 00:10,27.5 °C,,
2025-05-12,1718,20250512_001722,Самарканд Бyлyнгyp,89.0 %,,,2025-05-12 00:10,25.0 °C,,
2025-05-12,1718,20250512_001722,Самарканд Ургут,74.1 %,,,2025-05-12 00:10,28.0 °C,,
2025-05-12,1708,20250512_001722,Жиззах Мирзачўл тумани,89.8 %,,,2025-05-12 00:10,23.5 °C,,
2025-05-12,1718,20250512_001722,Самарканд Янгиарик,earthHumidity1 %,,,date time,earthTemperature1 °C,,
2025-05-12,1708,20250512_001722,Жиззах Баҳмал Муғол,100 %,,,2025-05-12 00:10,0 °C,,
2025-05-12,1708,20250512_001722,Жиззах Янгиобод Хўжамушкент,earthHumidity1 %,,,date time,earthTemperature1 °C,,
2025-05-12,1708,20250512_001722,Жиззах Бахмал,77.3 %,,,2025-05-12 00:00,14.5 °C,,
2025-05-12,1708,20250512_001722,Жиззах Пахтакор,65.5 %,,,2025-05-12 00:10,24.0 °C,,
2025-05-12,1714,20250512_001722,ЯНГИКЎРҒОН,31.4 %,,,2025-05-12 00:10,36.5 °C,,
2025-05-12,1724,20250512_001722,Сирдарё Сардоба,earthHumidity1 %,,,date time,earthTemperature1 °C,,
2025-05-12,1724,20250512_001722,Сирдарё Околтин,100 %,,,2025-05-12 00:10,23.0 °C,,
2025-05-12,1724,20250512_001722,Сирдарё Боёвут,61.2 %,,,2025-05-12 00:10,21.5 °C,,
2025-05-12,1724,20250512_001722,Сирдарё Гулистон ш.,earthHumidity1 %,,,date time,earthTemperature1 °C,,
2025-05-12,1724,20250512_001722,Сирдарё Сайхунобод,83.1 %,,,2025-05-12 00:10,21.0 °C,,
2025-05-12,1703,20250512_001722,Андижон Боз,97.3 %,,,2025-05-12 00:10,22.0 °C,,
2025-05-12,1703,20250512_001722,Андижон Хонабод,earthHumidity1 %,,,date time,earthTemperature1 °C,,
2025-05-12,,20250512_001722,Андижан УГМ,94.1 %,,,2025-05-12 00:10,27.5 °C,,
2025-05-12,1703,20250512_001722,Андижон Коргонтепа,77.6 %,,,2025-05-12 00:10,24.5 °C,,
2025-05-12,1703,20250512_001722,Андижон Улугнор,100 %,,,2025-05-12 00:10,23.0 °C,,
2025-05-12,1722,20250512_001722,"Surxondaryo, Boysun",49.0 %,,,2025-05-12 00:10,29.5 °C,,
2025-05-12,1722,20250512_001722,"Surxondaryo, Jarqo'rg'on, G'ur-G'ur",85.9 %,,,2025-05-12 00:10,28.0 °C,,
2025-05-12,1722,20250512_001722,"Surxondaryo, Termiz tumani, Navruz",93.3 %,,,2025-05-12 00:10,32.0 °C,,
2025-05-12,1722,20250512_001722,"Surxondaryo, Qumqo'rg'on tumani, To'g'on",85.5 %,,,2025-05-12 00:10,27.0 °C,,
2025-05-12,1710,20250512_001722,"Qashqadaryo, Koson tumani, Pulat shaharcha",0 %,,,2025-05-12 00:10,°C,,
2025-05-12,1710,20250512_001722,"Qashqadaryo, Qarshi shahar, Chiroqchi",84.7 %,,,2025-05-12 00:10,24.0 °C,,
2025-05-12,1710,20250512_001722,"Qashqadaryo, Qamashi",94.1 %,,,2025-05-12 00:10,29.0 °C,,
2025-05-12,1722,20250512_001722,"Surxondaryo, Oltinsoy",earthHumidity1 %,,,date time,earthTemperature1 °C,,
2025-05-12,1710,20250512_001722,"Qashqadaryo, Mirishkor tumani, Naiston",earthHumidity1 %,,,date time,earthTemperature1 °C,,
2025-05-12,1710,20250512_001722,"Qashqadaryo, Nishon tumani",85.9 %,,,2025-05-12 00:10,26.5 °C,,
2025-05-12,1727,20250512_001722,"Зангиота, Бузсув",22.0 %,,,2025-05-12 00:10,°C,,
2025-05-12,1727,20250512_001722,"Тошкент вилояти, Куйи чирчик",43.9 %,,,2025-05-12 00:10,28.5 °C,,
2025-05-12,1727,20250512_001722,"Тошкент вилояти, Ўрта чирчиқ",57.6 %,,,2025-05-12 00:10,26.5 °C,,
2025-05-12,1727,20250512_001722,Yuqori Chirchiq tumani,31.8 %,,,2025-05-12 00:10,24.5 °C,,
2025-05-12,1727,20250512_001722,Qibray tumani,96.1 %,,,2025-05-12 00:10,23.0 °C,,
2025-05-12,1727,20250512_001722,Bo'stonliq tumani,16.1 %,,,2025-05-12 00:10,19.5 °C,,
2025-05-12,1706,20250512_001722,Бухара,0 %,,,2025-05-12 00:10,27.0 °C,,
2025-05-12,1706,20250512_001722,"Buxoro viloyati, G'alla osiyo",66.7 %,,,2025-05-12 00:10,22.5 °C,,
2025-05-12,1706,20250512_001722,"Buxoro shahar, Jondor tuman, Yakkatut AMP",39.2 %,,,2025-05-12 00:10,28.0 °C,,
2025-05-12,1708,20250512_001722,"Жиззах вилояти, Зомин, Суффа Платоси",0 %,,,2025-05-12 00:10,80.4 °C,,
2025-05-12,1727,20250512_001722,"Toshkent shahar, Olmazor tumani",0 %,,,2025-05-12 00:10,0 °C,,
2025-05-12,1727,20250512_001722,"Toshkent,Yangi O'zbekiston bog'i",0 %,,,2025-05-12 00:10,40.4 °C,,
2025-05-12,,20250512_001722,MeteoBot-36 / MeteoUz,76.5 %,0 %,0 %,2025-05-12 00:10,10.8 °C,°C,°C
2025-05-12,,20250512_001722,MeteoBot-36 / MeteoUz,33.7 %,31.4 %,36.5 %,2025-05-12 00:10,21.9 °C,21.1 °C,20.3 °C
2025-05-12,,20250512_001722,MeteoBot-36 / MeteoUz,79.6 %,78.0 %,78.8 %,2025-05-12 00:10,25.1 °C,24.9 °C,24.3 °C
2025-05-12,,20250512_001722,MeteoBot-36 / MeteoUz,earthHumidity1 %,earthHumidity2 %,earthHumidity3 %,date time,earthTemperature1 °C,earthTemperature2 °C,earthTemperature3 °C
2025-05-12,,20250512_001722,MeteoBot-36 / MeteoUz,16.9 %,27.8 %,0 %,2025-05-12 00:10,°C,23.2 °C,22.9 °C
2025-05-12,1710,20250512_001722,М-II Дехканабад,,,,,,,
2025-05-12,1710,20250512_001722,М-II Муборек,,,,,,,
2025-05-12,,20250512_001722,О Чимкурган,,,,,,,
2025-05-12,1710,20250512_001722,Г-1 Шахрисябз,,,,,,,
2025-05-12,1710,20250512_001722,М-II Гузар,,,,,,,
2025-05-12,,20250512_001722,106_Taxtakaracha,,,,,,,
2025-05-12,1708,20250512_001722,М-II Бахмал,,,,,,,
2025-05-12,1708,20250512_001722,АГМС Галляарал,,,,,,,
2025-05-12,1708,20250512_001722,М-II Дустлик,,,,,,,
2025-05-12,,20250512_001722,Ляльмикор,,,,,,,
2025-05-12,1708,20250512_001722,111_Zomin,,,,,,,
2025-05-12,,20250512_001722,М-II Янгикишлак,,,,,,,
2025-05-12,,20250512_002119,MeteoBot-36 / MeteoUz,76.5 %,0 %,0 %,2025-05-12 00:20,10.8 °C,°C,°C
2025-05-12,1714,20250512_002119,ЯНГИКЎРҒОН,31.4 %,,,2025-05-12 00:10,36.5 °C,,
2025-05-12,1735,20250512_002119,Ходжейли,100 %,,,2025-05-12 00:20,26.0 °C,,
2025-05-12,,20250512_002119,Раушан,99.6 %,,,2025-05-12 00:20,24.0 °C,,
2025-05-12,1735,20250512_002119,Канлыкуль,100 %,,,2025-05-12 00:20,25.5 °C,,
2025-05-12,1735,20250512_002119,Шoманай,earthHumidity1 %,,,date time,earthTemperature1 °C,,
2025-05-12,,20250512_002119,Сары-алтын,94.5 %,,,2025-05-12 00:20,26.0 °C,,
2025-05-12,,20250512_002119,MeteoBot-36 / MeteoUz,79.6 %,78.0 %,78.8 %,2025-05-12 00:20,25.1 °C,24.9 °C,24.3 °C
2025-05-12,,20250512_002119,MeteoBot-36 / MeteoUz,earthHumidity1 %,earthHumidity2 %,earthHumidity3 %,date time,earthTemperature1 °C,earthTemperature2 °C,earthTemperature3 °C
2025-05-12,,20250512_002119,MeteoBot-36 / MeteoUz,16.9 %,27.5 %,0 %,2025-05-12 00:20,°C,23.1 °C,22.9 °C
2025-05-12,,20250512_002119,Уллыбаг,100 %,,,2025-05-12 00:20,28.0 °C,,
2025-05-12,,20250512_002119,Шурахан,93.3 %,,,2025-05-12 00:20,28.5 °C,,
2025-05-12,1735,20250512_002119,Мангит,earthHumidity1 %,,,date time,earthTemperature1 °C,,
2025-05-12,1730,20250512_002119,Фаргона шахри,earthHumidity1 %,,,date time,earthTemperature1 °C,,
2025-05-12,1730,20250512_002119,Бешарык,earthHumidity1 %,,,date time,earthTemperature1 °C,,
2025-05-12,1730,20250512_002119,Дангара,24.3 %,,,2025-05-12 00:20,21.5 °C,,
2025-05-12,1733,20250512_002119,Хоразм Кошкупыр,100 %,,,2025-05-12 00:20,27.0 °C,,
2025-05-12,,20250512_002119,Лебап,22.0 %,,,2025-05-12 00:20,°C,,
2025-05-12,1733,20250512_002119,"Хива, Дашяк",86.7 %,,,2025-05-12 00:20,28.5 °C,,
2025-05-12,1727,20250512_002119,Тошкент обсерватория,earthHumidity1 %,,,date time,earthTemperature1 °C,,
2025-05-12,1733,20250512_002119,Ургенч шахар,98.4 %,,,2025-05-12 00:11,29.5 °C,,
2025-05-12,1733,20250512_002119,Хоразм Гурлен,94.1 %,,,2025-05-12 00:20,31.0 °C,,
2025-05-12,1718,20250512_002119,Самарканд шахри,57.6 %,,,2025-05-12 00:20,24.0 °C,,
2025-05-12,1718,20250512_002119,Самарканд Фарход Зарафшон,31.0 %,,,2025-05-12 00:20,27.5 °C,,
2025-05-12,1718,20250512_002119,Самарканд Бyлyнгyp,89.0 %,,,2025-05-12 00:20,25.0 °C,,
2025-05-12,1718,20250512_002119,Самарканд Ургут,73.7 %,,,2025-05-12 00:20,28.0 °C,,
2025-05-12,1708,20250512_002119,Жиззах Мирзачўл тумани,89.8 %,,,2025-05-12 00:20,23.5 °C,,
2025-05-12,1718,20250512_002119,Самарканд Янгиарик,earthHumidity1 %,,,date time,earthTemperature1 °C,,
2025-05-12,1708,20250512_002119,Жиззах Баҳмал Муғол,100 %,,,2025-05-12 00:20,0 °C,,
2025-05-12,1708,20250512_002119,Жиззах Янгиобод Хўжамушкент,earthHumidity1 %,,,date time,earthTemperature1 °C,,
2025-05-12,1708,20250512_002119,Жиззах Бахмал,77.3 %,,,2025-05-12 00:00,14.5 °C,,
2025-05-12,1708,20250512_002119,Жиззах Пахтакор,65.9 %,,,2025-05-12 00:20,24.0 °C,,
2025-05-12,1714,20250512_002119,ЯНГИКЎРҒОН,31.4 %,,,2025-05-12 00:20,36.1 °C,,
2025-05-12,1724,20250512_002119,Сирдарё Сардоба,earthHumidity1 %,,,date time,earthTemperature1 °C,,
2025-05-12,1724,20250512_002119,Сирдарё Околтин,100 %,,,2025-05-12 00:20,23.0 °C,,
2025-05-12,1724,20250512_002119,Сирдарё Боёвут,61.2 %,,,2025-05-12 00:20,21.5 °C,,
2025-05-12,1724,20250512_002119,Сирдарё Гулистон ш.,earthHumidity1 %,,,date time,earthTemperature1 °C,,
2025-05-12,1724,20250512_002119,Сирдарё Сайхунобод,83.1 %,,,2025-05-12 00:20,21.0 °C,,
2025-05-12,1703,20250512_002119,Андижон Боз,96.9 %,,,2025-05-12 00:20,22.0 °C,,
2025-05-12,1703,20250512_002119,Андижон Хонабод,earthHumidity1 %,,,date time,earthTemperature1 °C,,
2025-05-12,,20250512_002119,Андижан УГМ,94.1 %,,,2025-05-12 00:20,27.5 °C,,
2025-05-12,1703,20250512_002119,Андижон Коргонтепа,77.6 %,,,2025-05-12 00:20,24.5 °C,,
2025-05-12,1703,20250512_002119,Андижон Улугнор,100 %,,,2025-05-12 00:20,23.0 °C,,
2025-05-12,1722,20250512_002119,"Surxondaryo, Boysun",49.0 %,,,2025-05-12 00:20,29.5 °C,,
2025-05-12,1722,20250512_002119,"Surxondaryo, Jarqo'rg'on, G'ur-G'ur",85.9 %,,,2025-05-12 00:20,28.0 °C,,
2025-05-12,1722,20250512_002119,"Surxondaryo, Termiz tumani, Navruz",93.3 %,,,2025-05-12 00:20,32.0 °C,,
2025-05-12,1722,20250512_002119,"Surxondaryo, Qumqo'rg'on tumani, To'g'on",85.5 %,,,2025-05-12 00:20,27.0 °C,,
2025-05-12,1710,20250512_002119,"Qashqadaryo, Koson tumani, Pulat shaharcha",0 %,,,2025-05-12 00:20,°C,,
2025-05-12,1710,20250512_002119,"Qashqadaryo, Qarshi shahar, Chiroqchi",84.7 %,,,2025-05-12 00:20,24.0 °C,,
2025-05-12,1710,20250512_002119,"Qashqadaryo, Qamashi",94.1 %,,,2025-05-12 00:20,29.0 °C,,
2025-05-12,1722,20250512_002119,"Surxondaryo, Oltinsoy",earthHumidity1 %,,,date time,earthTemperature1 °C,,
2025-05-12,1710,20250512_002119,"Qashqadaryo, Mirishkor tumani, Naiston",earthHumidity1 %,,,date time,earthTemperature1 °C,,
2025-05-12,1710,20250512_002119,"Qashqadaryo, Nishon tumani",85.9 %,,,2025-05-12 00:10,26.5 °C,,
2025-05-12,1727,20250512_002119,"Зангиота, Бузсув",22.0 %,,,2025-05-12 00:20,°C,,
2025-05-12,1727,20250512_002119,"Тошкент вилояти, Куйи чирчик",43.9 %,,,2025-05-12 00:20,28.5 °C,,
2025-05-12,1727,20250512_002119,"Тошкент вилояти, Ўрта чирчиқ",57.6 %,,,2025-05-12 00:20,26.5 °C,,
2025-05-12,1727,20250512_002119,Yuqori Chirchiq tumani,31.8 %,,,2025-05-12 00:20,24.5 °C,,
2025-05-12,1727,20250512_002119,Qibray tumani,96.1 %,,,2025-05-12 00:20,23.0 °C,,
2025-05-12,1727,20250512_002119,Bo'stonliq tumani,16.1 %,,,2025-05-12 00:20,19.0 °C,,
2025-05-12,1706,20250512_002119,Бухара,0 %,,,2025-05-12 00:20,27.0 °C,,
2025-05-12,1706,20250512_002119,"Buxoro viloyati, G'alla osiyo",66.7 %,,,2025-05-12 00:20,22.5 °C,,
2025-05-12,1706,20250512_002119,"Buxoro shahar, Jondor tuman, Yakkatut AMP",39.6 %,,,2025-05-12 00:20,28.0 °C,,
2025-05-12,1708,20250512_002119,"Жиззах вилояти, Зомин, Суффа Платоси",0 %,,,2025-05-12 00:20,80.4 °C,,
2025-05-12,1727,20250512_002119,"Toshkent shahar, Olmazor tumani",0 %,,,2025-05-12 00:20,0 °C,,
2025-05-12,1727,20250512_002119,"Toshkent,Yangi O'zbekiston bog'i",0 %,,,2025-05-12 00:20,40 °C,,
2025-05-12,,20250512_002119,MeteoBot-36 / MeteoUz,76.5 %,0 %,0 %,2025-05-12 00:20,10.8 °C,°C,°C
2025-05-12,,20250512_002119,MeteoBot-36 / MeteoUz,33.7 %,31.4 %,36.1 %,2025-05-12 00:20,21.8 °C,21.0 °C,20.3 °C
2025-05-12,,20250512_002119,MeteoBot-36 / MeteoUz,79.6 %,78.0 %,78.8 %,2025-05-12 00:20,25.1 °C,24.9 °C,24.3 °C
2025-05-12,,20250512_002119,MeteoBot-36 / MeteoUz,earthHumidity1 %,earthHumidity2 %,earthHumidity3 %,date time,earthTemperature1 °C,earthTemperature2 °C,earthTemperature3 °C
2025-05-12,,20250512_002119,MeteoBot-36 / MeteoUz,16.9 %,27.5 %,0 %,2025-05-12 00:20,°C,23.1 °C,22.9 °C
2025-05-12,1710,20250512_002119,М-II Дехканабад,,,,,,,
2025-05-12,1710,20250512_002119,М-II Муборек,,,,,,,
2025-05-12,,20250512_002119,О Чимкурган,,,,,,,
2025-05-12,1710,20250512_002119,Г-1 Шахрисябз,,,,,,,
2025-05-12,1710,20250512_002119,М-II Гузар,,,,,,,
2025-05-12,,20250512_002119,106_Taxtakaracha,,,,,,,
2025-05-12,1708,20250512_002119,М-II Бахмал,,,,,,,
2025-05-12,1708,20250512_002119,АГМС Галляарал,,,,,,,
2025-05-12,1708,20250512_002119,М-II Дустлик,,,,,,,
2025-05-12,,20250512_002119,Ляльмикор,,,,,,,
2025-05-12,1708,20250512_002119,111_Zomin,,,,,,,
2025-05-12,,20250512_002119,М-II Янгикишлак,,,,,,,
2025-05-12,,20250512_083842,MeteoBot-36 / MeteoUz,74.9 %,0 %,0 %,2025-05-12 08:30,8.9 °C,°C,°C
2025-05-12,1714,20250512_083842,ЯНГИКЎРҒОН,31.0 %,,,2025-05-12 08:30,34.5 °C,,
2025-05-12,1735,20250512_083842,Ходжейли,100 %,,,2025-05-12 08:30,24.0 °C,,
2025-05-12,,20250512_083842,Раушан,99.6 %,,,2025-05-12 08:30,23.5 °C,,
2025-05-12,1735,20250512_083842,Канлыкуль,100 %,,,2025-05-12 08:30,25.0 °C,,
2025-05-12,1735,20250512_083842,Шoманай,99.6 %,,,2025-05-12 08:30,25.0 °C,,
2025-05-12,,20250512_083842,Сары-алтын,94.5 %,,,2025-05-12 08:30,26.0 °C,,
2025-05-12,,20250512_083842,MeteoBot-36 / MeteoUz,78.8 %,77.3 %,76.9 %,2025-05-12 08:30,22.5 °C,24.3 °C,23.5 °C
2025-05-12,,20250512_083842,MeteoBot-36 / MeteoUz,earthHumidity1 %,earthHumidity2 %,earthHumidity3 %,date time,earthTemperature1 °C,earthTemperature2 °C,earthTemperature3 °C
2025-05-12,,20250512_083842,MeteoBot-36 / MeteoUz,16.9 %,27.5 %,0 %,2025-05-12 08:30,°C,21.8 °C,22.4 °C
2025-05-12,,20250512_083842,Уллыбаг,100 %,,,2025-05-12 08:30,26.5 °C,,
2025-05-12,,20250512_083842,Шурахан,92.9 %,,,2025-05-12 08:30,27.0 °C,,
2025-05-12,1735,20250512_083842,Мангит,100 %,,,2025-05-12 07:30,25.0 °C,,
2025-05-12,1730,20250512_083842,Фаргона шахри,earthHumidity1 %,,,date time,earthTemperature1 °C,,
2025-05-12,1730,20250512_083842,Бешарык,earthHumidity1 %,,,date time,earthTemperature1 °C,,
2025-05-12,1730,20250512_083842,Дангара,23.9 %,,,2025-05-12 08:30,21.5 °C,,
2025-05-12,1733,20250512_083842,Хоразм Кошкупыр,100 %,,,2025-05-12 08:30,25.5 °C,,
2025-05-12,,20250512_083842,Лебап,21.5 %,,,2025-05-12 08:20,4.2 °C,,
2025-05-12,1733,20250512_083842,"Хива, Дашяк",86.7 %,,,2025-05-12 08:30,27.5 °C,,
2025-05-12,1727,20250512_083842,Тошкент обсерватория,earthHumidity1 %,,,date time,earthTemperature1 °C,,
2025-05-12,1733,20250512_083842,Ургенч шахар,98.0 %,,,2025-05-12 08:31,27.0 °C,,
2025-05-12,1733,20250512_083842,Хоразм Гурлен,93.7 %,,,2025-05-12 08:30,29.0 °C,,
2025-05-12,1718,20250512_083842,Самарканд шахри,56.1 %,,,2025-05-12 08:30,23.5 °C,,
2025-05-12,1718,20250512_083842,Самарканд Фарход Зарафшон,23.5 %,,,2025-05-12 08:30,24.5 °C,,
2025-05-12,1718,20250512_083842,Самарканд Бyлyнгyp,87.8 %,,,2025-05-12 08:30,22.5 °C,,
2025-05-12,1718,20250512_083842,Самарканд Ургут,71.0 %,,,2025-05-12 08:30,24.5 °C,,
2025-05-12,1708,20250512_083842,Жиззах Мирзачўл тумани,89.4 %,,,2025-05-12 08:30,22.5 °C,,
2025-05-12,1718,20250512_083842,Самарканд Янгиарик,earthHumidity1 %,,,date time,earthTemperature1 °C,,
2025-05-12,1708,20250512_083842,Жиззах Баҳмал Муғол,100 %,,,2025-05-12 08:30,0 °C,,
2025-05-12,1708,20250512_083842,Жиззах Янгиобод Хўжамушкент,earthHumidity1 %,,,date time,earthTemperature1 °C,,
2025-05-12,1708,20250512_083842,Жиззах Бахмал,76.5 %,,,2025-05-12 08:30,14.5 °C,,
2025-05-12,1708,20250512_083842,Жиззах Пахтакор,65.1 %,,,2025-05-12 08:30,23.5 °C,,
2025-05-12,1714,20250512_083842,ЯНГИКЎРҒОН,31.0 %,,,2025-05-12 08:30,34.5 °C,,
2025-05-12,1724,20250512_083842,Сирдарё Сардоба,earthHumidity1 %,,,date time,earthTemperature1 °C,,
2025-05-12,1724,20250512_083842,Сирдарё Околтин,100 %,,,2025-05-12 08:30,22.5 °C,,
2025-05-12,1724,20250512_083842,Сирдарё Боёвут,61.6 %,,,2025-05-12 08:30,20.5 °C,,
2025-05-12,1724,20250512_083842,Сирдарё Гулистон ш.,earthHumidity1 %,,,date time,earthTemperature1 °C,,
2025-05-12,1724,20250512_083842,Сирдарё Сайхунобод,82.7 %,,,2025-05-12 08:30,20.5 °C,,
2025-05-12,1703,20250512_083842,Андижон Боз,96.9 %,,,2025-05-12 08:30,21.5 °C,,
2025-05-12,1703,20250512_083842,Андижон Хонабод,earthHumidity1 %,,,date time,earthTemperature1 °C,,
2025-05-12,,20250512_083842,Андижан УГМ,94.1 %,,,2025-05-12 08:30,26.0 °C,,
2025-05-12,1703,20250512_083842,Андижон Коргонтепа,76.5 %,,,2025-05-12 08:30,23.5 °C,,
2025-05-12,1703,20250512_083842,Андижон Улугнор,100 %,,,2025-05-12 08:30,22.5 °C,,
2025-05-12,1722,20250512_083842,"Surxondaryo, Boysun",46.7 %,,,2025-05-12 08:30,29.0 °C,,
2025-05-12,1722,20250512_083842,"Surxondaryo, Jarqo'rg'on, G'ur-G'ur",85.5 %,,,2025-05-12 08:30,26.5 °C,,
2025-05-12,1722,20250512_083842,"Surxondaryo, Termiz tumani, Navruz",92.9 %,,,2025-05-12 08:30,30.0 °C,,
2025-05-12,1722,20250512_083842,"Surxondaryo, Qumqo'rg'on tumani, To'g'on",84.7 %,,,2025-05-12 08:30,26.5 °C,,
2025-05-12,1710,20250512_083842,"Qashqadaryo, Koson tumani, Pulat shaharcha",0 %,,,2025-05-12 08:30,°C,,
2025-05-12,1710,20250512_083842,"Qashqadaryo, Qarshi shahar, Chiroqchi",84.3 %,,,2025-05-12 08:30,23.0 °C,,
2025-05-12,1710,20250512_083842,"Qashqadaryo, Qamashi",93.7 %,,,2025-05-12 08:30,27.5 °C,,
2025-05-12,1722,20250512_083842,"Surxondaryo, Oltinsoy",earthHumidity1 %,,,date time,earthTemperature1 °C,,
2025-05-12,1710,20250512_083842,"Qashqadaryo, Mirishkor tumani, Naiston",earthHumidity1 %,,,date time,earthTemperature1 °C,,
2025-05-12,1710,20250512_083842,"Qashqadaryo, Nishon tumani",85.5 %,,,2025-05-12 08:30,25.5 °C,,
2025-05-12,1727,20250512_083842,"Зангиота, Бузсув",21.2 %,,,2025-05-12 08:30,°C,,
2025-05-12,1727,20250512_083842,"Тошкент вилояти, Куйи чирчик",43.9 %,,,2025-05-12 08:30,27.0 °C,,
2025-05-12,1727,20250512_083842,"Тошкент вилояти, Ўрта чирчиқ",57.6 %,,,2025-05-12 08:30,25.5 °C,,
2025-05-12,1727,20250512_083842,Yuqori Chirchiq tumani,30.6 %,,,2025-05-12 08:30,23.5 °C,,
2025-05-12,1727,20250512_083842,Qibray tumani,95.7 %,,,2025-05-12 08:30,22.5 °C,,
2025-05-12,1727,20250512_083842,Bo'stonliq tumani,14.1 %,,,2025-05-12 08:30,19.0 °C,,
2025-05-12,1706,20250512_083842,Бухара,0 %,,,2025-05-12 08:30,25.5 °C,,
2025-05-12,1706,20250512_083842,"Buxoro viloyati, G'alla osiyo",66.3 %,,,2025-05-12 08:20,22.0 °C,,
2025-05-12,1706,20250512_083842,"Buxoro shahar, Jondor tuman, Yakkatut AMP",40.8 %,,,2025-05-12 08:30,26.5 °C,,
2025-05-12,1708,20250512_083842,"Жиззах вилояти, Зомин, Суффа Платоси",0 %,,,2025-05-12 08:30,79.2 °C,,
2025-05-12,1727,20250512_083842,"Toshkent shahar, Olmazor tumani",0 %,,,2025-05-12 08:30,0 °C,,
2025-05-12,1727,20250512_083842,"Toshkent,Yangi O'zbekiston bog'i",0 %,,,2025-05-12 08:30,39.2 °C,,
2025-05-12,,20250512_083842,MeteoBot-36 / MeteoUz,74.9 %,0 %,0 %,2025-05-12 08:30,8.9 °C,°C,°C
2025-05-12,,20250512_083842,MeteoBot-36 / MeteoUz,33.3 %,31.0 %,34.5 %,2025-05-12 08:30,20.2 °C,20.0 °C,19.8 °C
2025-05-12,,20250512_083842,MeteoBot-36 / MeteoUz,78.8 %,77.3 %,76.9 %,2025-05-12 08:30,22.5 °C,24.3 °C,23.5 °C
2025-05-12,,20250512_083842,MeteoBot-36 / MeteoUz,earthHumidity1 %,earthHumidity2 %,earthHumidity3 %,date time,earthTemperature1 °C,earthTemperature2 °C,earthTemperature3 °C
2025-05-12,,20250512_083842,MeteoBot-36 / MeteoUz,16.9 %,27.5 %,0 %,2025-05-12 08:40,°C,21.8 °C,22.4 °C
2025-05-12,1710,20250512_083842,М-II Дехканабад,,,,,,,
2025-05-12,1710,20250512_083842,М-II Муборек,,,,,,,
2025-05-12,,20250512_083842,О Чимкурган,,,,,,,
2025-05-12,1710,20250512_083842,Г-1 Шахрисябз,,,,,,,
2025-05-12,1710,20250512_083842,М-II Гузар,,,,,,,
2025-05-12,,20250512_083842,106_Taxtakaracha,,,,,,,
2025-05-12,1708,20250512_083842,М-II Бахмал,,,,,,,
2025-05-12,1708,20250512_083842,АГМС Галляарал,,,,,,,
2025-05-12,1708,20250512_083842,М-II Дустлик,,,,,,,
2025-05-12,,20250512_083842,Ляльмикор,,,,,,,
2025-05-12,1708,20250512_083842,111_Zomin,,,,,,,
2025-05-12,,20250512_083842,М-II Янгикишлак,,,,,,,
2025-05-12,,20250512_085507,MeteoBot-36 / MeteoUz,74.9 %,0 %,0 %,2025-05-12 08:50,9.0 °C,°C,°C
2025-05-12,1714,20250512_085507,ЯНГИКЎРҒОН,31.0 %,,,2025-05-12 08:50,34.5 °C,,
2025-05-12,1735,20250512_085507,Ходжейли,100 %,,,2025-05-12 08:50,24.0 °C,,
2025-05-12,,20250512_085507,Раушан,99.6 %,,,2025-05-12 08:50,23.5 °C,,
2025-05-12,1735,20250512_085507,Канлыкуль,100 %,,,2025-05-12 08:50,25.0 °C,,
2025-05-12,1735,20250512_085507,Шoманай,99.6 %,,,2025-05-12 08:50,25.0 °C,,
2025-05-12,,20250512_085507,Сары-алтын,94.5 %,,,2025-05-12 08:50,26.0 °C,,
2025-05-12,,20250512_085507,MeteoBot-36 / MeteoUz,79.2 %,76.9 %,76.5 %,2025-05-12 08:50,22.5 °C,24.3 °C,23.5 °C
2025-05-12,,20250512_085507,MeteoBot-36 / MeteoUz,earthHumidity1 %,earthHumidity2 %,earthHumidity3 %,date time,earthTemperature1 °C,earthTemperature2 °C,earthTemperature3 °C
2025-05-12,,20250512_085507,MeteoBot-36 / MeteoUz,16.9 %,27.1 %,0 %,2025-05-12 08:50,°C,21.8 °C,22.4 °C
2025-05-12,,20250512_085507,Уллыбаг,100 %,,,2025-05-12 08:50,26.5 °C,,
2025-05-12,,20250512_085507,Шурахан,92.9 %,,,2025-05-12 08:50,27.0 °C,,
2025-05-12,1735,20250512_085507,Мангит,100 %,,,2025-05-12 07:30,25.0 °C,,
2025-05-12,1730,20250512_085507,Фаргона шахри,earthHumidity1 %,,,date time,earthTemperature1 °C,,
2025-05-12,1730,20250512_085507,Бешарык,earthHumidity1 %,,,date time,earthTemperature1 °C,,
2025-05-12,1730,20250512_085507,Дангара,24.3 %,,,2025-05-12 08:50,21.0 °C,,
2025-05-12,1733,20250512_085507,Хоразм Кошкупыр,100 %,,,2025-05-12 08:50,25.5 °C,,
2025-05-12,,20250512_085507,Лебап,21.5 %,,,2025-05-12 08:50,°C,,
2025-05-12,1733,20250512_085507,"Хива, Дашяк",86.7 %,,,2025-05-12 08:50,27.5 °C,,
2025-05-12,1727,20250512_085507,Тошкент обсерватория,earthHumidity1 %,,,date time,earthTemperature1 °C,,
2025-05-12,1733,20250512_085507,Ургенч шахар,98.0 %,,,2025-05-12 08:51,27.0 °C,,
2025-05-12,1733,20250512_085507,Хоразм Гурлен,93.7 %,,,2025-05-12 08:50,29.0 °C,,
2025-05-12,1718,20250512_085507,Самарканд шахри,56.1 %,,,2025-05-12 08:50,23.5 °C,,
2025-05-12,1718,20250512_085507,Самарканд Фарход Зарафшон,23.9 %,,,2025-05-12 08:50,24.5 °C,,
2025-05-12,1718,20250512_085507,Самарканд Бyлyнгyp,87.8 %,,,2025-05-12 08:50,22.5 °C,,
2025-05-12,1718,20250512_085507,Самарканд Ургут,71.0 %,,,2025-05-12 08:50,24.5 °C,,
2025-05-12,1708,20250512_085507,Жиззах Мирзачўл тумани,89.4 %,,,2025-05-12 08:50,22.5 °C,,
2025-05-12,1718,20250512_085507,Самарканд Янгиарик,earthHumidity1 %,,,date time,earthTemperature1 °C,,
2025-05-12,1708,20250512_085507,Жиззах Баҳмал Муғол,100 %,,,2025-05-12 08:50,0 °C,,
2025-05-12,1708,20250512_085507,Жиззах Янгиобод Хўжамушкент,earthHumidity1 %,,,date time,earthTemperature1 °C,,
2025-05-12,1708,20250512_085507,Жиззах Бахмал,76.5 %,,,2025-05-12 08:50,14.5 °C,,
2025-05-12,1708,20250512_085507,Жиззах Пахтакор,65.1 %,,,2025-05-12 08:50,23.5 °C,,
2025-05-12,1714,20250512_085507,ЯНГИКЎРҒОН,31.0 %,,,2025-05-12 08:50,34.5 °C,,
2025-05-12,1724,20250512_085507,Сирдарё Сардоба,earthHumidity1 %,,,date time,earthTemperature1 °C,,
2025-05-12,1724,20250512_085507,Сирдарё Околтин,100 %,,,2025-05-12 08:50,22.5 °C,,
2025-05-12,1724,20250512_085507,Сирдарё Боёвут,61.6 %,,,2025-05-12 08:50,20.5 °C,,
2025-05-12,1724,20250512_085507,Сирдарё Гулистон ш.,earthHumidity1 %,,,date time,earthTemperature1 °C,,
2025-05-12,1724,20250512_085507,Сирдарё Сайхунобод,82.7 %,,,2025-05-12 08:50,20.5 °C,,
2025-05-12,1703,20250512_085507,Андижон Боз,96.9 %,,,2025-05-12 08:50,21.5 °C,,
2025-05-12,1703,20250512_085507,Андижон Хонабод,earthHumidity1 %,,,date time,earthTemperature1 °C,,
2025-05-12,,20250512_085507,Андижан УГМ,94.1 %,,,2025-05-12 08:50,26.0 °C,,
2025-05-12,1703,20250512_085507,Андижон Коргонтепа,76.5 %,,,2025-05-12 08:50,23.0 °C,,
2025-05-12,1703,20250512_085507,Андижон Улугнор,100 %,,,2025-05-12 08:50,22.0 °C,,
2025-05-12,1722,20250512_085507,"Surxondaryo, Boysun",46.3 %,,,2025-05-12 08:50,29.0 °C,,
2025-05-12,1722,20250512_085507,"Surxondaryo, Jarqo'rg'on, G'ur-G'ur",85.5 %,,,2025-05-12 08:50,26.5 °C,,
2025-05-12,1722,20250512_085507,"Surxondaryo, Termiz tumani, Navruz",92.9 %,,,2025-05-12 08:50,30.0 °C,,
2025-05-12,1722,20250512_085507,"Surxondaryo, Qumqo'rg'on tumani, To'g'on",84.7 %,,,2025-05-12 08:50,26.5 °C,,
2025-05-12,1710,20250512_085507,"Qashqadaryo, Koson tumani, Pulat shaharcha",0 %,,,2025-05-12 08:50,°C,,
2025-05-12,1710,20250512_085507,"Qashqadaryo, Qarshi shahar, Chiroqchi",84.3 %,,,2025-05-12 08:50,23.0 °C,,
2025-05-12,1710,20250512_085507,"Qashqadaryo, Qamashi",93.7 %,,,2025-05-12 08:50,27.5 °C,,
2025-05-12,1722,20250512_085507,"Surxondaryo, Oltinsoy",earthHumidity1 %,,,date time,earthTemperature1 °C,,
2025-05-12,1710,20250512_085507,"Qashqadaryo, Mirishkor tumani, Naiston",earthHumidity1 %,,,date time,earthTemperature1 °C,,
2025-05-12,1710,20250512_085507,"Qashqadaryo, Nishon tumani",85.5 %,,,2025-05-12 08:50,25.5 °C,,
2025-05-12,1727,20250512_085507,"Зангиота, Бузсув",21.2 %,,,2025-05-12 08:50,°C,,
2025-05-12,1727,20250512_085507,"Тошкент вилояти, Куйи чирчик",44.3 %,,,2025-05-12 08:50,27.0 °C,,
2025-05-12,1727,20250512_085507,"Тошкент вилояти, Ўрта чирчиқ",57.6 %,,,2025-05-12 08:50,25.5 °C,,
2025-05-12,1727,20250512_085507,Yuqori Chirchiq tumani,31.0 %,,,2025-05-12 08:50,23.5 °C,,
2025-05-12,1727,20250512_085507,Qibray tumani,95.7 %,,,2025-05-12 08:50,22.5 °C,,
2025-05-12,1727,20250512_085507,Bo'stonliq tumani,14.1 %,,,2025-05-12 08:50,19.0 °C,,
2025-05-12,1706,20250512_085507,Бухара,0 %,,,2025-05-12 08:50,25.5 °C,,
2025-05-12,1706,20250512_085507,"Buxoro viloyati, G'alla osiyo",66.3 %,,,2025-05-12 08:50,22.0 °C,,
2025-05-12,1706,20250512_085507,"Buxoro shahar, Jondor tuman, Yakkatut AMP",40.8 %,,,2025-05-12 08:50,26.5 °C,,
2025-05-12,1708,20250512_085507,"Жиззах вилояти, Зомин, Суффа Платоси",0 %,,,2025-05-12 08:50,79.6 °C,,
2025-05-12,1727,20250512_085507,"Toshkent shahar, Olmazor tumani",0 %,,,2025-05-12 08:50,0 °C,,
2025-05-12,1727,20250512_085507,"Toshkent,Yangi O'zbekiston bog'i",0 %,,,2025-05-12 08:50,39.2 °C,,
2025-05-12,,20250512_085507,MeteoBot-36 / MeteoUz,74.9 %,0 %,0 %,2025-05-12 08:50,9.0 °C,°C,°C
2025-05-12,,20250512_085507,MeteoBot-36 / MeteoUz,33.7 %,31.0 %,34.5 %,2025-05-12 08:50,20.2 °C,20.0 °C,19.8 °C
2025-05-12,,20250512_085507,MeteoBot-36 / MeteoUz,79.2 %,76.9 %,76.5 %,2025-05-12 08:50,22.5 °C,24.3 °C,23.5 °C
2025-05-12,,20250512_085507,MeteoBot-36 / MeteoUz,earthHumidity1 %,earthHumidity2 %,earthHumidity3 %,date time,earthTemperature1 °C,earthTemperature2 °C,earthTemperature3 °C
2025-05-12,,20250512_085507,MeteoBot-36 / MeteoUz,16.9 %,27.1 %,0 %,2025-05-12 08:50,°C,21.8 °C,22.4 °C
2025-05-12,1710,20250512_085507,М-II Дехканабад,,,,,,,
2025-05-12,1710,20250512_085507,М-II Муборек,,,,,,,
2025-05-12,,20250512_085507,О Чимкурган,,,,,,,
2025-05-12,1710,20250512_085507,Г-1 Шахрисябз,,,,,,,
2025-05-12,1710,20250512_085507,М-II Гузар,,,,,,,
2025-05-12,,20250512_085507,106_Taxtakaracha,,,,,,,
2025-05-12,1708,20250512_085507,М-II Бахмал,,,,,,,
2025-05-12,1708,20250512_085507,АГМС Галляарал,,,,,,,
2025-05-12,1708,20250512_085507,М-II Дустлик,,,,,,,
2025-05-12,,20250512_085507,Ляльмикор,,,,,,,
2025-05-12,1708,20250512_085507,111_Zomin,,,,,,,
2025-05-12,,20250512_085507,М-II Янгикишлак,,,,,,,
2025-05-14,,20250514_104755,MeteoBot-36 / MeteoUz,72.9 %,0 %,0 %,2025-05-14 10:40,11.1 °C,°C,°C
2025-05-14,1714,20250514_104755,ЯНГИКЎРҒОН,31.4 %,,,2025-05-14 10:40,32.5 °C,,
2025-05-14,1735,20250514_104755,Ходжейли,100 %,,,2025-05-14 10:40,25.0 °C,,
2025-05-14,,20250514_104755,Раушан,99.6 %,,,2025-05-14 10:40,24.0 °C,,
2025-05-14,1735,20250514_104755,Канлыкуль,100 %,,,2025-05-14 10:40,26.5 °C,,
2025-05-14,1735,20250514_104755,Шoманай,99.6 %,,,2025-05-14 10:40,26.0 °C,,
2025-05-14,,20250514_104755,Сары-алтын,94.5 %,,,2025-05-14 10:40,27.0 °C,,
2025-05-14,,20250514_104755,MeteoBot-36 / MeteoUz,78.8 %,77.3 %,78.0 %,2025-05-14 10:41,23.9 °C,25.1 °C,24.3 °C
2025-05-14,,20250514_104755,MeteoBot-36 / MeteoUz,earthHumidity1 %,earthHumidity2 %,earthHumidity3 %,date time,earthTemperature1 °C,earthTemperature2 °C,earthTemperature3 °C
2025-05-14,,20250514_104755,MeteoBot-36 / MeteoUz,15.7 %,21.2 %,0 %,2025-05-14 10:40,°C,23.0 °C,23.4 °C
2025-05-14,,20250514_104755,Уллыбаг,100 %,,,2025-05-14 10:40,27.0 °C,,
2025-05-14,,20250514_104755,Шурахан,92.9 %,,,2025-05-14 10:40,27.5 °C,,
2025-05-14,1735,20250514_104755,Мангит,100 %,,,2025-05-14 10:40,25.5 °C,,
2025-05-14,1730,20250514_104755,Фаргона шахри,earthHumidity1 %,,,date time,earthTemperature1 °C,,
2025-05-14,1730,20250514_104755,Бешарык,earthHumidity1 %,,,date time,earthTemperature1 °C,,
2025-05-14,1730,20250514_104755,Дангара,23.9 %,,,2025-05-14 10:40,21.5 °C,,
2025-05-14,1733,20250514_104755,Хоразм Кошкупыр,100 %,,,2025-05-14 10:40,26.0 °C,,
2025-05-14,,20250514_104755,Лебап,22.0 %,,,2025-05-14 10:40,2.9 °C,,
2025-05-14,1733,20250514_104755,"Хива, Дашяк",87.1 %,,,2025-05-14 10:40,28.5 °C,,
2025-05-14,1727,20250514_104755,Тошкент обсерватория,earthHumidity1 %,,,date time,earthTemperature1 °C,,
2025-05-14,1733,20250514_104755,Ургенч шахар,98.0 %,,,2025-05-14 10:40,28.0 °C,,
2025-05-14,1733,20250514_104755,Хоразм Гурлен,93.7 %,,,2025-05-14 10:40,29.5 °C,,
2025-05-14,1718,20250514_104755,Самарканд шахри,51.8 %,,,2025-05-14 10:40,24.0 °C,,
2025-05-14,1718,20250514_104755,Самарканд Фарход Зарафшон,23.1 %,,,2025-05-14 10:40,26.0 °C,,
2025-05-14,1718,20250514_104755,Самарканд Бyлyнгyp,87.8 %,,,2025-05-14 10:40,24.0 °C,,
2025-05-14,1718,20250514_104755,Самарканд Ургут,71.8 %,,,2025-05-14 10:40,25.5 °C,,
2025-05-14,1708,20250514_104755,Жиззах Мирзачўл тумани,89.4 %,,,2025-05-14 10:40,23.0 °C,,
2025-05-14,1718,20250514_104755,Самарканд Янгиарик,earthHumidity1 %,,,date time,earthTemperature1 °C,,
2025-05-14,1708,20250514_104755,Жиззах Баҳмал Муғол,99.6 %,,,2025-05-14 10:40,0 °C,,
2025-05-14,1708,20250514_104755,Жиззах Янгиобод Хўжамушкент,earthHumidity1 %,,,date time,earthTemperature1 °C,,
2025-05-14,1708,20250514_104755,Жиззах Бахмал,74.1 %,,,2025-05-14 10:10,15.0 °C,,
2025-05-14,1708,20250514_104755,Жиззах Пахтакор,65.1 %,,,2025-05-14 10:40,24.0 °C,,
2025-05-14,1714,20250514_104755,ЯНГИКЎРҒОН,31.4 %,,,2025-05-14 10:40,32.5 °C,,
2025-05-14,1724,20250514_104755,Сирдарё Сардоба,earthHumidity1 %,,,date time,earthTemperature1 °C,,
2025-05-14,1724,20250514_104755,Сирдарё Околтин,100 %,,,2025-05-14 10:40,23.0 °C,,
2025-05-14,1724,20250514_104755,Сирдарё Боёвут,64.7 %,,,2025-05-14 10:40,21.5 °C,,
2025-05-14,1724,20250514_104755,Сирдарё Гулистон ш.,earthHumidity1 %,,,date time,earthTemperature1 °C,,
2025-05-14,1724,20250514_104755,Сирдарё Сайхунобод,81.6 %,,,2025-05-14 10:40,21.0 °C,,
2025-05-14,1703,20250514_104755,Андижон Боз,96.5 %,,,2025-05-14 10:40,21.5 °C,,
2025-05-14,1703,20250514_104755,Андижон Хонабод,earthHumidity1 %,,,date time,earthTemperature1 °C,,
2025-05-14,,20250514_104755,Андижан УГМ,93.7 %,,,2025-05-14 10:40,26.5 °C,,
2025-05-14,1703,20250514_104755,Андижон Коргонтепа,75.7 %,,,2025-05-14 10:40,24.0 °C,,
2025-05-14,1703,20250514_104755,Андижон Улугнор,100 %,,,2025-05-14 10:40,22.5 °C,,
2025-05-14,1722,20250514_104755,"Surxondaryo, Boysun",42.0 %,,,2025-05-14 10:40,30.0 °C,,
2025-05-14,1722,20250514_104755,"Surxondaryo, Jarqo'rg'on, G'ur-G'ur",85.1 %,,,2025-05-14 10:40,27.0 °C,,
2025-05-14,1722,20250514_104755,"Surxondaryo, Termiz tumani, Navruz",92.9 %,,,2025-05-14 10:40,31.0 °C,,
2025-05-14,1722,20250514_104755,"Surxondaryo, Qumqo'rg'on tumani, To'g'on",85.1 %,,,2025-05-14 10:40,26.5 °C,,
2025-05-14,1710,20250514_104755,"Qashqadaryo, Koson tumani, Pulat shaharcha",0 %,,,2025-05-14 10:40,°C,,
2025-05-14,1710,20250514_104755,"Qashqadaryo, Qarshi shahar, Chiroqchi",83.5 %,,,2025-05-14 10:40,23.5 °C,,
2025-05-14,1710,20250514_104755,"Qashqadaryo, Qamashi",93.7 %,,,2025-05-14 10:40,28.0 °C,,
2025-05-14,1722,20250514_104755,"Surxondaryo, Oltinsoy",earthHumidity1 %,,,date time,earthTemperature1 °C,,
2025-05-14,1710,20250514_104755,"Qashqadaryo, Mirishkor tumani, Naiston",earthHumidity1 %,,,date time,earthTemperature1 °C,,
2025-05-14,1710,20250514_104755,"Qashqadaryo, Nishon tumani",86.7 %,,,2025-05-14 01:00,27.5 °C,,
2025-05-14,1727,20250514_104755,"Зангиота, Бузсув",21.6 %,,,2025-05-14 10:40,°C,,
2025-05-14,1727,20250514_104755,"Тошкент вилояти, Куйи чирчик",44.7 %,,,2025-05-14 10:40,28.0 °C,,
2025-05-14,1727,20250514_104755,"Тошкент вилояти, Ўрта чирчиқ",54.9 %,,,2025-05-14 10:40,26.0 °C,,
2025-05-14,1727,20250514_104755,Yuqori Chirchiq tumani,26.3 %,,,2025-05-14 10:40,24.0 °C,,
2025-05-14,1727,20250514_104755,Qibray tumani,91.0 %,,,2025-05-14 10:40,23.0 °C,,
2025-05-14,1727,20250514_104755,Bo'stonliq tumani,12.9 %,,,2025-05-14 02:10,20.0 °C,,
2025-05-14,1706,20250514_104755,Бухара,0 %,,,2025-05-14 10:40,27.0 °C,,
2025-05-14,1706,20250514_104755,"Buxoro viloyati, G'alla osiyo",67.8 %,,,2025-05-14 10:40,22.0 °C,,
2025-05-14,1706,20250514_104755,"Buxoro shahar, Jondor tuman, Yakkatut AMP",42.7 %,,,2025-05-14 10:40,27.0 °C,,
2025-05-14,1708,20250514_104755,"Жиззах вилояти, Зомин, Суффа Платоси",0 %,,,2025-05-14 10:40,76.5 °C,,
2025-05-14,1727,20250514_104755,"Toshkent shahar, Olmazor tumani",0 %,,,2025-05-14 10:40,0 °C,,
2025-05-14,1727,20250514_104755,"Toshkent,Yangi O'zbekiston bog'i",0 %,,,2025-05-14 10:40,37.3 °C,,
2025-05-14,,20250514_104755,MeteoBot-36 / MeteoUz,72.9 %,0 %,0 %,2025-05-14 10:40,11.1 °C,°C,°C
2025-05-14,,20250514_104755,MeteoBot-36 / MeteoUz,34.5 %,31.4 %,32.5 %,2025-05-14 10:40,21.8 °C,21.4 °C,21.1 °C
2025-05-14,,20250514_104755,MeteoBot-36 / MeteoUz,78.8 %,77.3 %,78.0 %,2025-05-14 10:41,23.9 °C,25.1 °C,24.3 °C
2025-05-14,,20250514_104755,MeteoBot-36 / MeteoUz,earthHumidity1 %,earthHumidity2 %,earthHumidity3 %,date time,earthTemperature1 °C,earthTemperature2 °C,earthTemperature3 °C
2025-05-14,,20250514_104755,MeteoBot-36 / MeteoUz,15.7 %,21.2 %,0 %,2025-05-14 10:40,°C,23.0 °C,23.4 °C
2025-05-14,1710,20250514_104755,М-II Дехканабад,,,,,,,
2025-05-14,1710,20250514_104755,М-II Муборек,,,,,,,
2025-05-14,,20250514_104755,О Чимкурган,,,,,,,
2025-05-14,1710,20250514_104755,Г-1 Шахрисябз,,,,,,,
2025-05-14,1710,20250514_104755,М-II Гузар,,,,,,,
2025-05-14,,20250514_104755,106_Taxtakaracha,,,,,,,
2025-05-14,1708,20250514_104755,М-II Бахмал,,,,,,,
2025-05-14,1708,20250514_104755,АГМС Галляарал,,,,,,,
2025-05-14,1708,20250514_104755,М-II Дустлик,,,,,,,
2025-05-14,,20250514_104755,Ляльмикор,,,,,,,
2025-05-14,1708,20250514_104755,111_Zomin,,,,,,,
2025-05-14,,20250514_104755,М-II Янгикишлак,,,,,,,
